"files","emotion","user.id"
"image_004.jpeg","neutral","ak310"
"image_005.jpeg","neutral","ak310"
"image_006.jpeg","neutral","ak310"
"image_007.jpeg","neutral","ak310"
"image_008.jpeg","neutral","ak310"
"image_009.jpeg","neutral","ak310"
"image_010.jpeg","neutral","ak310"
"image_011.jpeg","neutral","ak310"
"image_012.jpeg","neutral","ak310"
"image_014.jpeg","neutral","ak310"
"image_015.jpeg","neutral","ak310"
"image_016.jpeg","neutral","ak310"
"image_018.jpeg","neutral","ak310"
"image_019.jpeg","neutral","ak310"
"image_020.jpeg","neutral","ak310"
"image_021.jpeg","neutral","ak310"
"image_022.jpeg","neutral","ak310"
"image_023.jpeg","neutral","ak310"
"image_025.jpeg","neutral","ak310"
"image_026.jpeg","neutral","ak310"
"image_027.jpeg","neutral","ak310"
"image_028.jpeg","neutral","ak310"
"image_029.jpeg","neutral","ak310"
"image_031.jpeg","neutral","ak310"
"image_032.jpeg","neutral","ak310"
"image_033.jpeg","neutral","ak310"
"image_034.jpeg","neutral","ak310"
"image_035.jpeg","neutral","ak310"
"image_036.jpeg","neutral","ak310"
"image_037.jpeg","neutral","ak310"
"image_038.jpeg","neutral","ak310"
"image_039.jpeg","neutral","ak310"
"image_040.jpeg","neutral","ak310"
"image_041.jpeg","neutral","ak310"
"image_042.jpeg","neutral","ak310"
"image_043.jpeg","neutral","ak310"
"image_044.jpeg","neutral","ak310"
"image_045.jpeg","neutral","ak310"
"image_046.jpeg","neutral","ak310"
"image_047.jpeg","neutral","ak310"
"image_048.jpeg","neutral","ak310"
"image_049.jpeg","neutral","ak310"
"image_050.jpeg","neutral","ak310"
"image_051.jpeg","neutral","ak310"
"image_052.jpeg","neutral","ak310"
"image_054.jpeg","neutral","ak310"
"image_055.jpeg","neutral","ak310"
"image_056.jpeg","neutral","ak310"
"image_057.jpeg","neutral","ak310"
"image_058.jpeg","neutral","ak310"
"image_059.jpeg","neutral","ak310"
"image_060.jpeg","neutral","ak310"
"image_061.jpeg","neutral","ak310"
"image_062.jpeg","neutral","ak310"
"image_063.jpeg","neutral","ak310"
"image_064.jpeg","neutral","ak310"
"image_065.jpeg","neutral","ak310"
"image_066.jpeg","neutral","ak310"
"image_067.jpeg","neutral","ak310"
"image_068.jpeg","neutral","ak310"
"image_069.jpeg","neutral","ak310"
"image_071.jpeg","neutral","ak310"
"image_075.jpeg","neutral","ak310"
"image_076.jpeg","neutral","ak310"
"image_077.jpeg","neutral","ak310"
"image_078.jpeg","neutral","ak310"
"image_079.jpeg","neutral","ak310"
"image_080.jpeg","neutral","ak310"
"image_081.jpeg","neutral","ak310"
"image_082.jpeg","neutral","ak310"
"image_083.jpeg","neutral","ak310"
"image_084.jpeg","neutral","ak310"
"image_085.jpeg","neutral","ak310"
"image_086.jpeg","neutral","ak310"
"image_087.jpeg","neutral","ak310"
"image_088.jpeg","neutral","ak310"
"image_089.jpeg","neutral","ak310"
"image_090.jpeg","neutral","ak310"
"image_091.jpeg","neutral","ak310"
"image_092.jpeg","neutral","ak310"
"image_093.jpeg","neutral","ak310"
"image_094.jpeg","neutral","ak310"
"image_095.jpeg","neutral","ak310"
"image_096.jpeg","neutral","ak310"
"image_097.jpeg","neutral","ak310"
"image_100.jpeg","neutral","ak310"
"image_101.jpeg","neutral","ak310"
"image_103.jpeg","neutral","ak310"
"image_109.jpeg","neutral","ak310"
"image_110.jpeg","neutral","ak310"
"image_111.jpeg","neutral","ak310"
"image_112.jpeg","neutral","ak310"
"image_116.jpeg","neutral","ak310"
"image_119.jpeg","neutral","ak310"
"image_120.jpeg","neutral","ak310"
"image_122.jpeg","neutral","ak310"
"image_123.jpeg","neutral","ak310"
"image_124.jpeg","neutral","ak310"
"image_126.jpeg","neutral","ak310"
"image_129.jpeg","neutral","ak310"
"image_130.jpeg","neutral","ak310"
"image_133.jpeg","neutral","ak310"
"image_137.jpeg","neutral","ak310"
"image_138.jpeg","neutral","ak310"
"image_139.jpeg","neutral","ak310"
"image_141.jpeg","neutral","ak310"
"image_142.jpeg","neutral","ak310"
"image_143.jpeg","neutral","ak310"
"image_145.jpeg","neutral","ak310"
"image_147.jpeg","neutral","ak310"
"image_150.jpeg","neutral","ak310"
"image_154.jpeg","neutral","ak310"
"image_155.jpeg","neutral","ak310"
"image_156.jpeg","neutral","ak310"
"image_159.jpeg","neutral","ak310"
"image_160.jpeg","neutral","ak310"
"image_164.jpeg","neutral","ak310"
"image_166.jpeg","neutral","ak310"
"image_169.jpeg","neutral","ak310"
"image_171.jpeg","neutral","ak310"
"image_172.jpeg","neutral","ak310"
"image_173.jpeg","neutral","ak310"
"image_176.jpeg","neutral","ak310"
"image_177.jpeg","neutral","ak310"
"image_178.jpeg","neutral","ak310"
"image_179.jpeg","neutral","ak310"
"image_181.jpeg","neutral","ak310"
"image_182.jpeg","neutral","ak310"
"image_183.jpeg","neutral","ak310"
"image_184.jpeg","neutral","ak310"
"image_187.jpeg","neutral","ak310"
"image_188.jpeg","neutral","ak310"
"image_189.jpeg","neutral","ak310"
"image_190.jpeg","neutral","ak310"
"image_191.jpeg","neutral","ak310"
"image_193.jpeg","neutral","ak310"
"image_194.jpeg","neutral","ak310"
"image_197.jpeg","neutral","ak310"
"image_198.jpeg","neutral","ak310"
"image_200.jpeg","neutral","ak310"
"image_202.jpeg","neutral","ak310"
"image_203.jpeg","neutral","ak310"
"image_206.jpeg","neutral","ak310"
"image_207.jpeg","neutral","ak310"
"image_208.jpeg","neutral","ak310"
"image_214.jpeg","neutral","ak310"
"image_215.jpeg","neutral","ak310"
"image_216.jpeg","neutral","ak310"
"image_217.jpeg","neutral","ak310"
"image_219.jpeg","neutral","ak310"
"image_220.jpeg","neutral","ak310"
"image_221.jpeg","neutral","ak310"
"image_222.jpeg","neutral","ak310"
"image_224.jpeg","neutral","ak310"
"image_225.jpeg","neutral","ak310"
"image_226.jpeg","neutral","ak310"
"image_227.jpeg","neutral","ak310"
"image_231.jpeg","neutral","ak310"
"image_233.jpeg","neutral","ak310"
"image_234.jpeg","neutral","ak310"
"image_235.jpeg","neutral","ak310"
"image_236.jpeg","neutral","ak310"
"image_238.jpeg","neutral","ak310"
"image_239.jpeg","neutral","ak310"
"image_241.jpeg","neutral","ak310"
"image_242.jpeg","neutral","ak310"
"image_243.jpeg","neutral","ak310"
"image_247.jpeg","neutral","ak310"
"image_248.jpeg","neutral","ak310"
"image_250.jpeg","neutral","ak310"
"image_255.jpeg","neutral","ak310"
"image_258.jpeg","neutral","ak310"
"image_259.jpeg","neutral","ak310"
"image_260.jpeg","neutral","ak310"
"image_264.jpeg","neutral","ak310"
"image_266.jpeg","neutral","ak310"
"image_267.jpeg","neutral","ak310"
"image_268.jpeg","neutral","ak310"
"image_269.jpeg","neutral","ak310"
"image_270.jpeg","neutral","ak310"
"image_271.jpeg","neutral","ak310"
"image_273.jpeg","neutral","ak310"
"image_274.jpeg","neutral","ak310"
"image_275.jpeg","neutral","ak310"
"image_285.jpeg","neutral","ak310"
"image_287.jpeg","neutral","ak310"
"image_288.jpeg","neutral","ak310"
"image_289.jpeg","neutral","ak310"
"image_293.jpeg","neutral","ak310"
"image_295.jpeg","neutral","ak310"
"image_296.jpeg","neutral","ak310"
"image_298.jpeg","neutral","ak310"
"image_299.jpeg","neutral","ak310"
"image_301.jpeg","neutral","ak310"
"image_302.jpeg","neutral","ak310"
"image_307.jpeg","neutral","ak310"
"image_310.jpeg","neutral","ak310"
"image_311.jpeg","neutral","ak310"
"image_317.jpeg","neutral","ak310"
"image_319.jpeg","neutral","ak310"
"image_321.jpeg","neutral","ak310"
"image_322.jpeg","neutral","ak310"
"image_324.jpeg","neutral","ak310"
"image_327.jpeg","neutral","ak310"
"image_331.jpeg","neutral","ak310"
"image_334.jpeg","neutral","ak310"
"image_336.jpeg","neutral","ak310"
"image_338.jpeg","neutral","ak310"
"image_339.jpeg","neutral","ak310"
"image_344.jpeg","neutral","ak310"
"image_345.jpeg","neutral","ak310"
"image_346.jpeg","neutral","ak310"
"image_347.jpeg","neutral","ak310"
"image_348.jpeg","neutral","ak310"
"image_351.jpeg","neutral","ak310"
"image_353.jpeg","neutral","ak310"
"image_355.jpeg","neutral","ak310"
"image_357.jpeg","neutral","ak310"
"image_361.jpeg","neutral","ak310"
"image_362.jpeg","neutral","ak310"
"image_366.jpeg","neutral","ak310"
"image_367.jpeg","neutral","ak310"
"image_372.jpeg","neutral","ak310"
"image_373.jpeg","neutral","ak310"
"image_378.jpeg","neutral","ak310"
"image_379.jpeg","neutral","ak310"
"image_386.jpeg","neutral","ak310"
"image_392.jpeg","neutral","ak310"
"image_393.jpeg","neutral","ak310"
"image_394.jpeg","neutral","ak310"
"image_395.jpeg","neutral","ak310"
"image_404.jpeg","neutral","ak310"
"image_405.jpeg","neutral","ak310"
"image_406.jpeg","neutral","ak310"
"image_407.jpeg","neutral","ak310"
"image_408.jpeg","neutral","ak310"
"image_409.jpeg","neutral","ak310"
"image_410.jpeg","neutral","ak310"
"image_411.jpeg","neutral","ak310"
"image_412.jpeg","neutral","ak310"
"image_414.jpeg","neutral","ak310"
"image_415.jpeg","neutral","ak310"
"image_416.jpeg","neutral","ak310"
"image_417.jpeg","neutral","ak310"
"image_418.jpeg","neutral","ak310"
"image_419.jpeg","neutral","ak310"
"image_420.jpeg","neutral","ak310"
"image_421.jpeg","neutral","ak310"
"image_423.jpeg","neutral","ak310"
"image_424.jpeg","neutral","ak310"
"image_425.jpeg","neutral","ak310"
"image_426.jpeg","neutral","ak310"
"image_428.jpeg","neutral","ak310"
"image_429.jpeg","neutral","ak310"
"image_430.jpeg","neutral","ak310"
"image_431.jpeg","neutral","ak310"
"image_432.jpeg","neutral","ak310"
"image_433.jpeg","neutral","ak310"
"image_434.jpeg","neutral","ak310"
"image_435.jpeg","neutral","ak310"
"image_437.jpeg","neutral","ak310"
"image_438.jpeg","neutral","ak310"
"image_439.jpeg","neutral","ak310"
"image_440.jpeg","neutral","ak310"
"image_442.jpeg","neutral","ak310"
"image_443.jpeg","neutral","ak310"
"image_444.jpeg","neutral","ak310"
"image_446.jpeg","neutral","ak310"
"image_447.jpeg","neutral","ak310"
"image_448.jpeg","neutral","ak310"
"image_450.jpeg","neutral","ak310"
"image_451.jpeg","neutral","ak310"
"image_452.jpeg","neutral","ak310"
"image_454.jpeg","neutral","ak310"
"image_456.jpeg","neutral","ak310"
"image_457.jpeg","neutral","ak310"
"image_458.jpeg","neutral","ak310"
"image_459.jpeg","neutral","ak310"
"image_460.jpeg","neutral","ak310"
"image_461.jpeg","neutral","ak310"
"image_462.jpeg","neutral","ak310"
"image_463.jpeg","neutral","ak310"
"image_464.jpeg","neutral","ak310"
"image_465.jpeg","neutral","ak310"
"image_466.jpeg","neutral","ak310"
"image_468.jpeg","neutral","ak310"
"image_469.jpeg","neutral","ak310"
"image_470.jpeg","neutral","ak310"
"image_471.jpeg","neutral","ak310"
"image_472.jpeg","neutral","ak310"
"image_473.jpeg","neutral","ak310"
"image_474.jpeg","neutral","ak310"
"image_475.jpeg","neutral","ak310"
"image_477.jpeg","neutral","ak310"
"image_478.jpeg","neutral","ak310"
"image_479.jpeg","neutral","ak310"
"image_480.jpeg","neutral","ak310"
"image_481.jpeg","neutral","ak310"
"image_482.jpeg","neutral","ak310"
"image_485.jpeg","neutral","ak310"
"image_486.jpeg","neutral","ak310"
"image_487.jpeg","neutral","ak310"
"image_488.jpeg","neutral","ak310"
"image_489.jpeg","neutral","ak310"
"image_490.jpeg","neutral","ak310"
"image_491.jpeg","neutral","ak310"
"image_492.jpeg","neutral","ak310"
"image_493.jpeg","neutral","ak310"
"image_494.jpeg","neutral","ak310"
"image_496.jpeg","neutral","ak310"
"image_497.jpeg","neutral","ak310"
"image_498.jpeg","neutral","ak310"
"image_499.jpeg","neutral","ak310"
"image_500.jpeg","neutral","ak310"
"image_502.jpeg","neutral","ak310"
"image_503.jpeg","neutral","ak310"
"image_506.jpeg","neutral","ak310"
"image_507.jpeg","neutral","ak310"
"image_509.jpeg","neutral","ak310"
"image_510.jpeg","neutral","ak310"
"image_511.jpeg","neutral","ak310"
"image_513.jpeg","neutral","ak310"
"image_514.jpeg","neutral","ak310"
"image_516.jpeg","neutral","ak310"
"image_519.jpeg","neutral","ak310"
"image_520.jpeg","neutral","ak310"
"image_521.jpeg","neutral","ak310"
"image_524.jpeg","neutral","ak310"
"image_525.jpeg","neutral","ak310"
"image_527.jpeg","neutral","ak310"
"image_531.jpeg","neutral","ak310"
"image_532.jpeg","neutral","ak310"
"image_538.jpeg","neutral","ak310"
"image_541.jpeg","neutral","ak310"
"image_543.jpeg","neutral","ak310"
"image_544.jpeg","neutral","ak310"
"image_545.jpeg","neutral","ak310"
"image_546.jpeg","neutral","ak310"
"image_547.jpeg","neutral","ak310"
"image_550.jpeg","neutral","ak310"
"image_551.jpeg","neutral","ak310"
"image_553.jpeg","neutral","ak310"
"image_554.jpeg","neutral","ak310"
"image_555.jpeg","neutral","ak310"
"image_556.jpeg","neutral","ak310"
"image_557.jpeg","neutral","ak310"
"image_558.jpeg","neutral","ak310"
"image_559.jpeg","neutral","ak310"
"image_562.jpeg","neutral","ak310"
"image_563.jpeg","neutral","ak310"
"image_564.jpeg","neutral","ak310"
"image_565.jpeg","neutral","ak310"
"image_566.jpeg","neutral","ak310"
"image_567.jpeg","neutral","ak310"
"image_570.jpeg","neutral","ak310"
"image_575.jpeg","neutral","ak310"
"image_578.jpeg","neutral","ak310"
"image_581.jpeg","neutral","ak310"
"image_583.jpeg","neutral","ak310"
"image_584.jpeg","neutral","ak310"
"image_585.jpeg","neutral","ak310"
"image_586.jpeg","neutral","ak310"
"image_587.jpeg","neutral","ak310"
"image_588.jpeg","neutral","ak310"
"image_589.jpeg","neutral","ak310"
"image_590.jpeg","neutral","ak310"
"image_591.jpeg","neutral","ak310"
"image_592.jpeg","neutral","ak310"
"image_594.jpeg","neutral","ak310"
"image_597.jpeg","neutral","ak310"
"image_599.jpeg","neutral","ak310"
"image_603.jpeg","neutral","ak310"
"image_605.jpeg","neutral","ak310"
"image_610.jpeg","neutral","ak310"
"image_612.jpeg","neutral","ak310"
"image_613.jpeg","neutral","ak310"
"image_614.jpeg","neutral","ak310"
"image_616.jpeg","neutral","ak310"
"image_617.jpeg","neutral","ak310"
"image_618.jpeg","neutral","ak310"
"image_624.jpeg","neutral","ak310"
"image_625.jpeg","neutral","ak310"
"image_626.jpeg","neutral","ak310"
"image_629.jpeg","neutral","ak310"
"image_630.jpeg","neutral","ak310"
"image_631.jpeg","neutral","ak310"
"image_632.jpeg","neutral","ak310"
"image_633.jpeg","neutral","ak310"
"image_635.jpeg","neutral","ak310"
"image_637.jpeg","neutral","ak310"
"image_638.jpeg","neutral","ak310"
"image_639.jpeg","neutral","ak310"
"image_641.jpeg","neutral","ak310"
"image_643.jpeg","neutral","ak310"
"image_644.jpeg","neutral","ak310"
"image_645.jpeg","neutral","ak310"
"image_646.jpeg","neutral","ak310"
"image_649.jpeg","neutral","ak310"
"image_651.jpeg","neutral","ak310"
"image_652.jpeg","neutral","ak310"
"image_657.jpeg","neutral","ak310"
"image_658.jpeg","neutral","ak310"
"image_660.jpeg","neutral","ak310"
"image_662.jpeg","neutral","ak310"
"image_663.jpeg","neutral","ak310"
"image_666.jpeg","neutral","ak310"
"image_668.jpeg","neutral","ak310"
"image_670.jpeg","neutral","ak310"
"image_680.jpeg","neutral","ak310"
"image_682.jpeg","neutral","ak310"
"image_683.jpeg","neutral","ak310"
"image_684.jpeg","neutral","ak310"
"image_685.jpeg","neutral","ak310"
"image_691.jpeg","neutral","ak310"
"image_694.jpeg","neutral","ak310"
"image_696.jpeg","neutral","ak310"
"image_700.jpeg","neutral","ak310"
"image_701.jpeg","neutral","ak310"
"image_704.jpeg","neutral","ak310"
"image_705.jpeg","neutral","ak310"
"image_709.jpeg","neutral","ak310"
"image_710.jpeg","neutral","ak310"
"image_714.jpeg","neutral","ak310"
"image_722.jpeg","neutral","ak310"
"image_723.jpeg","neutral","ak310"
"image_724.jpeg","neutral","ak310"
"image_725.jpeg","neutral","ak310"
"image_730.jpeg","neutral","ak310"
"image_731.jpeg","neutral","ak310"
"image_735.jpeg","neutral","ak310"
"image_737.jpeg","neutral","ak310"
"image_739.jpeg","neutral","ak310"
"image_742.jpeg","neutral","ak310"
"image_743.jpeg","neutral","ak310"
"image_746.jpeg","neutral","ak310"
"image_747.jpeg","neutral","ak310"
"image_748.jpeg","neutral","ak310"
"image_749.jpeg","neutral","ak310"
"image_750.jpeg","neutral","ak310"
"image_768.jpeg","neutral","ak310"
"image_769.jpeg","neutral","ak310"
"image_770.jpeg","neutral","ak310"
"image_772.jpeg","neutral","ak310"
"image_773.jpeg","neutral","ak310"
"image_778.jpeg","neutral","ak310"
"image_780.jpeg","neutral","ak310"
"image_781.jpeg","neutral","ak310"
"image_783.jpeg","neutral","ak310"
"image_784.jpeg","neutral","ak310"
"image_785.jpeg","neutral","ak310"
"image_787.jpeg","neutral","ak310"
"image_788.jpeg","neutral","ak310"
